Name	Location	Subnet	OS	Data Center	Activation-key
ajsgdevlvafp51.test.tvc.tsa.dhs.gov	CSG	csg-Non-Trusted-aj-vlan100	7	AJNON	sta-reposet-el7-key
ajsgdevlvafp52.test.tvc.tsa.dhs.gov	CSG	csg-Non-Trusted-aj-vlan100	7	AJNON	sta-reposet-el7-key
ajsgdevlvafp53.test.tvc.tsa.dhs.gov	CSG	csg-Non-Trusted-aj-vlan100	7	AJNON	sta-reposet-el7-key
ajsgdevlvafp54.test.tvc.tsa.dhs.gov	CSG	csg-Non-Trusted-aj-vlan100	8	AJNON	sta-reposet-el8-key
ajsgdevlvapp54.test.tvc.tsa.dhs.gov	CSG	csg-Non-Trusted-aj-vlan100	7	AJNON	sta-reposet-el7-key
ajsgdevlvapp55.test.tvc.tsa.dhs.gov	CSG	csg-Non-Trusted-aj-vlan100	7	AJNON	sta-reposet-el7-key
ajsgdevlvapp57.test.tvc.tsa.dhs.gov	CSG	csg-Non-Trusted-aj-vlan100	7	AJNON	sta-reposet-el7-key
ajsgdevlvapp61.test.tvc.tsa.dhs.gov	CSG	csg-Non-Trusted-aj-vlan100	8	AJNON	sta-reposet-el8-key
ajsgdevlvbkr51.test.tvc.tsa.dhs.gov	CSG	csg-Non-Trusted-aj-vlan100	7	AJNON	sta-reposet-el7-key
ajsgdevlvdns51.test.tvc.tsa.dhs.gov	INFRA	csg-Non-Trusted-aj-vlan100	8	AJNON	sta-reposet-el8-key
ajsgdevlvdzs01.test.tvc.tsa.dhs.gov	CSG	csg-Non-Semi_Trusted-aj-vLan520	7	AJNON	sta-reposet-el7-key
ajsgdevlviib51.test.tvc.tsa.dhs.gov	CSG	csg-Non-Trusted-aj-vlan100	7	AJNON	sta-reposet-el7-key
ajsgdevlvmqs01.test.tvc.tsa.dhs.gov	CSG	csg-Non-Semi_Trusted-aj-vLan520	7	AJNON	sta-reposet-el7-key
ajsgdevlvorc85.test.tvc.tsa.dhs.gov	CSG	csg-Dev-restricted-aj-vlan105	7	AJNON	sta-reposet-el7-key
ajsgdevlvorc86.test.tvc.tsa.dhs.gov	CSG	csg-Dev-restricted-aj-vlan105	7	AJNON	sta-reposet-el7-key
ajsgdevlvorc87.test.tvc.tsa.dhs.gov	CSG	csg-Dev-restricted-aj-vlan105	7	AJNON	sta-reposet-el7-key
ajsgdevlvorc95.test.tvc.tsa.dhs.gov	CSG	csg-Dev-restricted-aj-vlan105	8	AJNON	sta-reposet-el8-key
ajsgdevlvorc96.test.tvc.tsa.dhs.gov	CSG	csg-Dev-restricted-aj-vlan105	8	AJNON	sta-reposet-el8-key
ajsgdevlvorc97.test.tvc.tsa.dhs.gov	CSG	csg-Dev-restricted-aj-vlan105	8	AJNON	sta-reposet-el8-key
ajsgdevlvsftp51.test.tvc.tsa.dhs.gov	CSG	csg-Non-Trusted-aj-vlan100	7	AJNON	sta-reposet-el7-key
ajsgdevlvweb01.test.tvc.tsa.dhs.gov	CSG	csg-Tst-SemiTrusted-aj-vlan130	7	AJNON	sta-reposet-el7-key
ajsgdevlvweb02.test.tvc.tsa.dhs.gov	CSG	csg-Tst-SemiTrusted-aj-vlan130	7	AJNON	sta-reposet-el7-key
ajsgdevlvweb03.test.tvc.tsa.dhs.gov	CSG	csg-Tst-SemiTrusted-aj-vlan130	8	AJNON	sta-reposet-el8-key
ajsgdevlvweb04.test.tvc.tsa.dhs.gov	CSG	csg-Tst-SemiTrusted-aj-vlan130	8	AJNON	sta-reposet-el8-key
ajsgprdlvapb51.tvc.tsa.dhs.gov	CSG	csg-Prd-Trusted-aj-vlan10	7	AGPRD	sta-reposet-el7-key
ajsgprdlvapp51.tvc.tsa.dhs.gov	CSG	csg-Prd-Trusted-aj-vlan10	7	AGPRD	sta-reposet-el7-key
ajsgprdlvapp52.tvc.tsa.dhs.gov	CSG	csg-Prd-Trusted-aj-vlan10	7	AGPRD	sta-reposet-el7-key
ajsgprdlvapp53.tvc.tsa.dhs.gov	CSG	csg-Prd-Trusted-aj-vlan10	7	AGPRD	sta-reposet-el7-key
ajsgprdlvapp54.tvc.tsa.dhs.gov	CSG	csg-Prd-Trusted-aj-vlan10	7	AGPRD	sta-reposet-el7-key
ajsgprdlvapp55.tvc.tsa.dhs.gov	CSG	csg-Prd-Trusted-aj-vlan10	7	AGPRD	sta-reposet-el7-key
ajsgprdlvapp57.tvc.tsa.dhs.gov	CSG	csg-Prd-Trusted-aj-vlan10	7	AGPRD	sta-reposet-el7-key
ajsgprdlvbkr51.tvc.tsa.dhs.gov	CSG	csg-Prd-Trusted-aj-vlan10	7	AGPRD	sta-reposet-el7-key
ajsgprdlvdzs01.tvc.tsa.dhs.gov	CSG	csg-Prd-Trusted-aj-vlan10	7	AGPRD	sta-reposet-el7-key
ajsgprdlviib51.tvc.tsa.dhs.gov	CSG	csg-Prd-Trusted-aj-vlan10	7	AGPRD	sta-reposet-el7-key
ajsgprdlvmon55.tvc.tsa.dhs.gov	CSG	csg-Prd-Trusted-aj-vlan11	7	AGPRD	sta-reposet-el7-key
ajsgprdlvmqs01.tvc.tsa.dhs.gov	CSG	csg-Prd-SemiTrusted-aj-vlan120	7	AGPRD	sta-reposet-el7-key
ajsgprdlvorc85.tvc.tsa.dhs.gov	CSG	csg-Prd-Restricted-aj-vlan20	7	AGPRD	sta-reposet-el7-key
ajsgprdlvorc86.tvc.tsa.dhs.gov	CSG	csg-Prd-Restricted-aj-vlan20	7	AGPRD	sta-reposet-el7-key
ajsgprdlvorc87.tvc.tsa.dhs.gov	CSG	csg-Prd-Restricted-aj-vlan20	7	AGPRD	sta-reposet-el7-key
ajsgprdlvsftp51.tvc.tsa.dhs.gov	CSG	csg-Prd-Trusted-aj-vlan10	7	AGPRD	sta-reposet-el7-key
ajsgprdlvweb01.tvc.tsa.dhs.gov	CSG	csg-Prd-SemiTrusted-aj-vlan120	7	AGPRD	sta-reposet-el7-key
ajsgprdlvweb02.tvc.tsa.dhs.gov	CSG	csg-Prd-SemiTrusted-aj-vlan120	7	AGPRD	sta-reposet-el7-key
ajsgstglvapb51.test.tvc.tsa.dhs.gov	CSG	csg-Non-Trusted-aj-vlan100	7	AJNON	sta-reposet-el7-key
ajsgstglvapp51.test.tvc.tsa.dhs.gov	CSG	csg-Non-Trusted-aj-vlan100	7	AJNON	sta-reposet-el7-key
ajsgstglvapp52.test.tvc.tsa.dhs.gov	CSG	csg-Non-Trusted-aj-vlan100	7	AJNON	sta-reposet-el7-key
ajsgstglvapp53.test.tvc.tsa.dhs.gov	CSG	csg-Non-Trusted-aj-vlan100	7	AJNON	sta-reposet-el7-key
ajsgstglvapp54.test.tvc.tsa.dhs.gov	CSG	csg-Non-Trusted-aj-vlan100	7	AJNON	sta-reposet-el7-key
ajsgstglvapp55.test.tvc.tsa.dhs.gov	CSG	csg-Non-Trusted-aj-vlan100	7	AJNON	sta-reposet-el7-key
ajsgstglvapp57.test.tvc.tsa.dhs.gov	CSG	csg-Non-Trusted-aj-vlan100	7	AJNON	sta-reposet-el7-key
ajsgstglvbkr51.test.tvc.tsa.dhs.gov	CSG	csg-Non-Trusted-aj-vlan100	7	AJNON	sta-reposet-el7-key
ajsgstglvdzs01.test.tvc.tsa.dhs.gov	CSG	csg-Non-Semi_Trusted-aj-vLan520	7	AJNON	sta-reposet-el7-key
ajsgstglviib51.test.tvc.tsa.dhs.gov	CSG	csg-Non-Trusted-aj-vlan100	7	AJNON	sta-reposet-el7-key
ajsgstglvmqs01.test.tvc.tsa.dhs.gov	CSG	csg-Non-Semi_Trusted-aj-vLan520	7	AJNON	sta-reposet-el7-key
ajsgstglvorc85.test.tvc.tsa.dhs.gov	CSG	csg-Non-Trusted-aj-vLan510	7	AJNON	sta-reposet-el7-key
ajsgstglvorc86.test.tvc.tsa.dhs.gov	CSG	csg-Non-Trusted-aj-vLan510	7	AJNON	sta-reposet-el7-key
ajsgstglvorc87.test.tvc.tsa.dhs.gov	CSG	csg-Non-Trusted-aj-vLan510	7	AJNON	sta-reposet-el7-key
ajsgstglvsftp51.test.tvc.tsa.dhs.gov	CSG	csg-Non-Trusted-aj-vlan100	7	AJNON	sta-reposet-el7-key
ajsgstglvweb01.test.tvc.tsa.dhs.gov	CSG	csg-Tst-SemiTrusted-aj-vlan130	7	AJNON	sta-reposet-el7-key
ajsgstglvweb02.test.tvc.tsa.dhs.gov	CSG	csg-Tst-SemiTrusted-aj-vlan130	7	AJNON	sta-reposet-el7-key
ajsgtstlvapb51.test.tvc.tsa.dhs.gov	CSG	csg-Non-Trusted-aj-vlan100	7	AJNON	sta-reposet-el7-key
ajsgtstlvapp51.test.tvc.tsa.dhs.gov	CSG	csg-Non-Trusted-aj-vlan100	7	AJNON	sta-reposet-el7-key
ajsgtstlvapp52.test.tvc.tsa.dhs.gov	CSG	csg-Non-Trusted-aj-vlan100	7	AJNON	sta-reposet-el7-key
ajsgtstlvapp53.test.tvc.tsa.dhs.gov	CSG	csg-Non-Trusted-aj-vlan100	7	AJNON	sta-reposet-el7-key
ajsgtstlvapp54.test.tvc.tsa.dhs.gov	CSG	csg-Non-Trusted-aj-vlan100	7	AJNON	sta-reposet-el7-key
ajsgtstlvapp55.test.tvc.tsa.dhs.gov	CSG	csg-Non-Trusted-aj-vlan100	7	AJNON	sta-reposet-el7-key
ajsgtstlvapp57.test.tvc.tsa.dhs.gov	CSG	csg-Non-Trusted-aj-vlan100	7	AJNON	sta-reposet-el7-key
ajsgtstlvbkr51.test.tvc.tsa.dhs.gov	CSG	csg-Non-Trusted-aj-vlan100	7	AJNON	sta-reposet-el7-key
ajsgtstlvdns51.test.tvc.tsa.dhs.gov	CSG	csg-Non-Trusted-aj-vlan100	8	AJNON	sta-reposet-el8-key
ajsgtstlvdzs01.test.tvc.tsa.dhs.gov	CSG	csg-Non-Semi_Trusted-aj-vLan520	7	AJNON	sta-reposet-el7-key
ajsgtstlviib51.test.tvc.tsa.dhs.gov	CSG	csg-Non-Trusted-aj-vlan100	7	AJNON	sta-reposet-el7-key
ajsgtstlvmqs01.test.tvc.tsa.dhs.gov	CSG	csg-Non-Semi_Trusted-aj-vLan520	7	AJNON	sta-reposet-el7-key
ajsgtstlvoem51.test.tvc.tsa.dhs.gov	CSG	csg-Non-Trusted-aj-vlan100	7	AJNON	sta-reposet-el7-key
ajsgtstlvorc85.test.tvc.tsa.dhs.gov	CSG	csg-Non-Trusted-aj-vLan510	7	AJNON	sta-reposet-el7-key
ajsgtstlvorc86.test.tvc.tsa.dhs.gov	CSG	csg-Non-Trusted-aj-vLan510	7	AJNON	sta-reposet-el7-key
ajsgtstlvorc87.test.tvc.tsa.dhs.gov	CSG	csg-Non-Trusted-aj-vLan510	7	AJNON	sta-reposet-el7-key
ajsgtstlvsftp51.test.tvc.tsa.dhs.gov	CSG	csg-Non-Trusted-aj-vlan100	7	AJNON	sta-reposet-el7-key
ajsgtstlvweb01.test.tvc.tsa.dhs.gov	CSG	csg-Tst-SemiTrusted-aj-vlan130	7	AJNON	sta-reposet-el7-key
ajsgtstlvweb02.test.tvc.tsa.dhs.gov	CSG	csg-Tst-SemiTrusted-aj-vlan130	7	AJNON	sta-reposet-el7-key
ajssnonlvkey51.dev.local	INFRA	infra-Non-Trusted-aj-vlan251	7	AJNON	sta-reposet-el7-key
ajssnonlvkey52.dev.local	INFRA	infra-Non-Trusted-aj-vlan251	7	AJNON	sta-reposet-el7-key
ajssnonlvkey53.dev.local	INFRA	infra-Non-Trusted-aj-vlan251	7	AJNON	sta-reposet-el7-key
ajssprdlvhvf51.cvp.cs	INFRA	infra-Prd-Trusted-aj-vlan267	7	AJPRD	sta-reposet-el7-key
ajssprdlvkey51.cvp.cs	INFRA	infra-Prd-Trusted-aj-vlan267	7	AJPRD	sta-reposet-el7-key
ajssprdlvkey52.cvp.cs	INFRA	infra-Prd-Trusted-aj-vlan267	7	AJPRD	sta-reposet-el7-key
ajssprdlvkey53.cvp.cs	INFRA	infra-Prd-Trusted-aj-vlan267	7	AJPRD	sta-reposet-el7-key
ajssprdlvsan52.cvp.cs	INFRA	infra-Prd-Trusted-aj-vlan267	7	AJPRD	sta-reposet-el7-key
ajssprdlvslf51.cvp.cs	INFRA	infra-Prd-Trusted-aj-vlan267	7	AJPRD	sta-reposet-el7-key
ajssprdlvslf52.cvp.cs	INFRA	infra-Prd-Trusted-aj-vlan267	7	AJPRD	sta-reposet-el7-key
ajstlablvbld51.dev.local	INFRA	infra-Non-Trusted-aj-vlan251	7	AJNON	sta-reposet-el7-key
ajstmgtlvsan151.cvp.cs	INFRA	infra-Prd-Trusted-aj-vlan267	7	AJPRD	sta-reposet-el7-key
ajstsrvlvocc152.services.stamp.tsa.dhs.gov	PAAS	occ-paas-prd-Trusted-aj-vLan1736	8	AJPRD	sta-reposet-el8-key
ajstsrvlvocc252.services.ppdstamp.local	PAAS	occ-paas-ppd-Trusted-aj-vLan1936	8	AJNON	sta-reposet-el8-key
ajstsrvlvsso251.services.ppdstamp.local	INFRA		8	AJNON	sta-reposet-el8-key
ajstsrvlvsso252.services.ppdstamp.local	INFRA		8	AJNON	sta-reposet-el8-key
ajstsrvlvsso253.services.ppdstamp.local	INFRA		8	AJNON	sta-reposet-el8-key
ajstsrvlvvlt150.services.stamp.tsa.dhs.gov	INFRA	srv-Prd-Tursted-Vault-aj-vLan1788	8	AJPRD	sta-reposet-el8-key
ajstsrvlvvlt151.services.stamp.tsa.dhs.gov	INFRA	srv-Prd-Tursted-Vault-aj-vLan1788	8	AJPRD	sta-reposet-el8-key
ajstsrvlvvlt152.services.stamp.tsa.dhs.gov	INFRA	srv-Prd-Tursted-Vault-aj-vLan1788	8	AJPRD	sta-reposet-el8-key
ajstsrvlvvlt153.services.stamp.tsa.dhs.gov	INFRA	srv-Prd-Tursted-Vault-aj-vLan1788	8	AJPRD	sta-reposet-el8-key
ajstsrvlvvlt154.services.stamp.tsa.dhs.gov	INFRA	srv-Prd-Tursted-Vault-aj-vLan1788	8	AJPRD	sta-reposet-el8-key
ajstsrvlvvlt155.services.stamp.tsa.dhs.gov	INFRA	srv-Prd-Tursted-Vault-aj-vLan1788	8	AJPRD	sta-reposet-el8-key
ajstsrvlvvlt156.services.stamp.tsa.dhs.gov	INFRA	srv-Prd-Tursted-Vault-aj-vLan1788	8	AJPRD	sta-reposet-el8-key
ajstsrvlvvlt157.services.stamp.tsa.dhs.gov	INFRA	srv-Prd-Tursted-Vault-aj-vLan1788	8	AJPRD	sta-reposet-el8-key
ajstsrvlvvlt158.services.stamp.tsa.dhs.gov	INFRA	srv-Prd-Tursted-Vault-aj-vLan1788	8	AJPRD	sta-reposet-el8-key
ajstsrvlvvlt159.services.stamp.tsa.dhs.gov	INFRA	srv-Prd-Tursted-Vault-aj-vLan1788	8	AJPRD	sta-reposet-el8-key
ajstsrvlvvlt250.services.ppdstamp.local	INFRA	srv-Ppd-Tursted-Vault-aj-vLan1988	7	AJNON	sta-reposet-el7-key
ajstsrvlvvlt251.services.ppdstamp.local	INFRA	srv-Ppd-Tursted-Vault-aj-vLan1988	7	AJNON	sta-reposet-el7-key
ajstsrvlvvlt252.services.ppdstamp.local	INFRA	srv-Ppd-Tursted-Vault-aj-vLan1988	7	AJNON	sta-reposet-el7-key
ajstsrvlvvlt253.services.ppdstamp.local	INFRA	srv-Ppd-Tursted-Vault-aj-vLan1988	7	AJNON	sta-reposet-el7-key
ajstsrvlvvlt254.services.ppdstamp.local	INFRA	srv-Ppd-Tursted-Vault-aj-vLan1988	7	AJNON	sta-reposet-el7-key
ajstsrvlvvlt255.services.ppdstamp.local	INFRA	srv-Ppd-Tursted-Vault-aj-vLan1988	7	AJNON	sta-reposet-el7-key
ajstsrvlvvlt256.services.ppdstamp.local	INFRA	srv-Ppd-Tursted-Vault-aj-vLan1988	7	AJNON	sta-reposet-el7-key
ajstsrvlvvlt257.services.ppdstamp.local	INFRA	srv-Ppd-Tursted-Vault-aj-vLan1988	7	AJNON	sta-reposet-el7-key
ajstsrvlvvlt258.services.ppdstamp.local	INFRA	srv-Ppd-Tursted-Vault-aj-vLan1988	7	AJNON	sta-reposet-el7-key
ajstsrvlvvlt259.services.ppdstamp.local	INFRA	srv-Ppd-Tursted-Vault-aj-vLan1988	7	AJNON	sta-reposet-el7-key
ajtmprdlvbsp51.cvp.cs	TIM	tim-Prd-Trusted-aj-vlan28	7	AJPRD	sta-reposet-el7-key
ajtmprdlvbsp52.cvp.cs	TIM	tim-Prd-Trusted-aj-vlan28	7	AJPRD	sta-reposet-el7-key
ajtmprdlviam51.cvp.cs	TIM	tim-Prd-Trusted-aj-vlan28	7	AJPRD	sta-reposet-el7-key
ajtmprdlviam52.cvp.cs	TIM	tim-Prd-Trusted-aj-vlan28	7	AJPRD	sta-reposet-el7-key
ajtmprdlvobi51.cvp.cs	TIM	tim-Prd-Trusted-aj-vlan28	7	AJPRD	sta-reposet-el7-key
ajtmprdlvobi52.cvp.cs	TIM	tim-Prd-Trusted-aj-vlan28	7	AJPRD	sta-reposet-el7-key
ajtmprdlvohs01.dmz.local	TIM	tim-Prd-SemiTrusted-aj-vlan78	7	AJPRD	sta-reposet-el7-key
ajtmprdlvohs02.dmz.local	TIM	tim-Prd-SemiTrusted-aj-vlan78	7	AJPRD	sta-reposet-el7-key
ajtmprdlvorc81.cvp.cs	TIM	tim-Prd-Restricted-aj-vlan126	7	AJPRD	sta-reposet-el7-key
ajtmprdlvorc82.cvp.cs	TIM	tim-Prd-Restricted-aj-vlan126	7	AJPRD	sta-reposet-el7-key
ajtmprdlvsoa51.cvp.cs	TIM	tim-Prd-Trusted-aj-vlan28	7	AJPRD	sta-reposet-el7-key
ajtmprdlvsoa52.cvp.cs	TIM	tim-Prd-Trusted-aj-vlan28	7	AJPRD	sta-reposet-el7-key
ajtmprdlvsoa53.cvp.cs	TIM	tim-Prd-Trusted-aj-vlan28	7	AJPRD	sta-reposet-el7-key
ajtmprdlvsoa54.cvp.cs	TIM	tim-Prd-Trusted-aj-vlan28	7	AJPRD	sta-reposet-el7-key
ajtmprdlvsta51.cvp.cs	TIM	tim-Prd-Trusted-aj-vlan28	7	AJPRD	sta-reposet-el7-key
ajtmprdlvsta52.cvp.cs	TIM	tim-Prd-Trusted-aj-vlan28	7	AJPRD	sta-reposet-el7-key
ajtmprdlvucm51.cvp.cs	TIM	tim-Prd-Trusted-aj-vlan28	7	AJPRD	sta-reposet-el7-key
ajtmprdlvucm52.cvp.cs	TIM	tim-Prd-Trusted-aj-vlan28	7	AJPRD	sta-reposet-el7-key
ajtmprdlvucm53.cvp.cs	TIM	tim-Prd-Trusted-aj-vlan28	7	AJPRD	sta-reposet-el7-key
ajtmprdlvucm54.cvp.cs	TIM	tim-Prd-Trusted-aj-vlan28	7	AJPRD	sta-reposet-el7-key
ajtmprdlvxml01.dmz.local	TIM	tim-Prd-SemiTrusted-aj-vlan78	7	AJPRD	sta-reposet-el7-key
ajtmprdlvxml02.dmz.local	TIM	tim-Prd-SemiTrusted-aj-vlan78	7	AJPRD	sta-reposet-el7-key
ajtmstglvbsp51.cvp.cs	TIM	tim-Prd-Trusted-aj-vlan28	7	AJPRD	sta-reposet-el7-key
ajtmstglvbsp52.cvp.cs	TIM	tim-Prd-Trusted-aj-vlan28	7	AJPRD	sta-reposet-el7-key
ajtmstglviam51.cvp.cs	TIM	tim-Prd-Trusted-aj-vlan28	7	AJPRD	sta-reposet-el7-key
ajtmstglviam52.cvp.cs	TIM	tim-Prd-Trusted-aj-vlan28	7	AJPRD	sta-reposet-el7-key
ajtmstglvobi51.cvp.cs	TIM	tim-Prd-Trusted-aj-vlan28	7	AJPRD	sta-reposet-el7-key
ajtmstglvobi52.cvp.cs	TIM	tim-Prd-Trusted-aj-vlan28	7	AJPRD	sta-reposet-el7-key
ajtmstglvohs01.dmz.local	TIM	tim-Prd-SemiTrusted-aj-vlan78	7	AJPRD	sta-reposet-el7-key
ajtmstglvohs02.dmz.local	TIM	tim-Prd-SemiTrusted-aj-vlan78	7	AJPRD	sta-reposet-el7-key
ajtmstglvorc81.cvp.cs	TIM	tim-Prd-Restricted-aj-vlan126	7	AJPRD	sta-reposet-el7-key
ajtmstglvorc82.cvp.cs	TIM	tim-Prd-Restricted-aj-vlan126	7	AJPRD	sta-reposet-el7-key
ajtmstglvsoa51.cvp.cs	TIM	tim-Prd-Trusted-aj-vlan28	7	AJPRD	sta-reposet-el7-key
ajtmstglvsoa52.cvp.cs	TIM	tim-Prd-Trusted-aj-vlan28	7	AJPRD	sta-reposet-el7-key
ajtmstglvsoa53.cvp.cs	TIM	tim-Prd-Trusted-aj-vlan28	7	AJPRD	sta-reposet-el7-key
ajtmstglvsoa54.cvp.cs	TIM	tim-Prd-Trusted-aj-vlan28	7	AJPRD	sta-reposet-el7-key
ajtmstglvsta51.cvp.cs	TIM	tim-Prd-Trusted-aj-vlan28	7	AJPRD	sta-reposet-el7-key
ajtmstglvsta52.cvp.cs	TIM	tim-Prd-Trusted-aj-vlan28	7	AJPRD	sta-reposet-el7-key
ajtmstglvstu51.cvp.cs	TIM	tim-Prd-Trusted-aj-vlan28	7	AJPRD	sta-reposet-el7-key
ajtmstglvstu52.cvp.cs	TIM	tim-Prd-Trusted-aj-vlan28	7	AJPRD	sta-reposet-el7-key
ajtmstglvucm51.cvp.cs	TIM	tim-Prd-Trusted-aj-vlan28	7	AJPRD	sta-reposet-el7-key
ajtmstglvucm52.cvp.cs	TIM	tim-Prd-Trusted-aj-vlan28	7	AJPRD	sta-reposet-el7-key
ajtmstglvucm53.cvp.cs	TIM	tim-Prd-Trusted-aj-vlan28	7	AJPRD	sta-reposet-el7-key
ajtmstglvucm54.cvp.cs	TIM	tim-Prd-Trusted-aj-vlan28	7	AJPRD	sta-reposet-el7-key
ajtmstglvxml01.dmz.local	TIM	tim-Prd-SemiTrusted-aj-vlan78	7	AJPRD	sta-reposet-el7-key
ajtmstglvxml02.dmz.local	TIM	tim-Prd-SemiTrusted-aj-vlan78	7	AJPRD	sta-reposet-el7-key
ajtvdevlvasb51.dev.local	VCS	tvs-Non-Trusted-aj-vLan18	7	AJNON	sta-reposet-el7-key
ajtvdevlvasb52.dev.local	VCS	tvs-Non-Trusted-aj-vLan18	7	AJNON	sta-reposet-el7-key
ajtvdevlvasb53.dev.local	VCS	tvs-Non-Trusted-aj-vLan18	7	AJNON	sta-reposet-el7-key
ajtvdevlvgwn01.dmz.local	VCS	tvs-Non-Trusted-aj-vLan18	7	AJNON	sta-reposet-el7-key
ajtvdevlvorn51.dev.local	VCS	tvs-Non-Trusted-aj-vLan18	7	AJNON	sta-reposet-el7-key
ajtvdevlvvsb81.dev.local	VCS	tvs-Non-Trusted-aj-vLan18	7	AJNON	sta-reposet-el7-key
ajtvdevlvvsb82.dev.local	VCS	tvs-Non-Trusted-aj-vLan18	7	AJNON	sta-reposet-el7-key
ajtvdevlvvsb83.dev.local	VCS	tvs-Non-Trusted-aj-vLan18	7	AJNON	sta-reposet-el7-key
ajtvdtslvorn51.dtd.tst.local	VCS	tvs-DTD-Trusted-aj-vlan56	7	AJNON	sta-reposet-el7-key
ajtvprdlvorn51.cvp.cs	VCS	tvs-Prd-Trusted-aj-vlan8	7	AJPRD	sta-reposet-el7-key
ajtvstglvorn51.cvp.cs	VCS	tvs-Prd-Trusted-aj-vlan8	7	CSPRD	sta-reposet-el7-key
ajtvstslvorn51.std.tst.local	VCS	tvs-STS-Trusted-aj-vlan51	7	CSNON	sta-reposet-el7-key
cspiprdlvapi01.pipe.tsa.dhs.gov	PIPE	pipe-Prd-Semi-cs-vLan181	7	CSPRD	sta-reposet-el7-key
cspiprdlvapi01	PIPE	pipe-Prd-Semi-cs-vLan181	7	CSPRD	sta-reposet-el7-key
cspiprdlvapi02.cvp.cs	PIPE	pipe-Prd-Semi-cs-vLan181	7	CSPRD	sta-reposet-el7-key
cspiprdlvapi02	PIPE	pipe-Prd-Semi-cs-vLan181	7	CSPRD	sta-reposet-el7-key
cspiprdlvbld51.cvp.cs	PIPE	pipe-prd-Trusted-cs-vlan581	7	CSPRD	sta-reposet-el7-key
cspiprdlvbld51	PIPE	pipe-prd-Trusted-cs-vlan581	7	CSPRD	sta-reposet-el7-key
cspiprdlvmqs01.pipe.tsa.dhs.gov	PIPE	pipe-Prd-Semi-cs-vLan181	7	CSPRD	sta-reposet-el7-key
cspiprdlvmqs01	PIPE	pipe-Prd-Semi-cs-vLan181	7	CSPRD	sta-reposet-el7-key
cspiprdlvmqs02.cvp.cs	PIPE	pipe-Prd-Semi-cs-vLan181	7	CSPRD	sta-reposet-el7-key
cspiprdlvmqs02	PIPE	pipe-Prd-Semi-cs-vLan181	7	CSPRD	sta-reposet-el7-key
cspiprdlvorc51.pipe.tsa.dhs.gov	PIPE	pipe-prd-Trusted-cs-vlan581	7	CSPRD	sta-reposet-el7-key
cspiprdlvorc51	PIPE	pipe-prd-Trusted-cs-vlan581	7	CSPRD	sta-reposet-el7-key
cspiprdlvorc52.pipe.tsa.dhs.gov	PIPE	pipe-prd-Trusted-cs-vlan581	7	CSPRD	sta-reposet-el7-key
cspiprdlvorc52	PIPE	pipe-prd-Trusted-cs-vlan581	7	CSPRD	sta-reposet-el7-key
cspiprdlvsto81.pipe.tsa.dhs.gov	PIPE	pipe-Prd-Restricted-cs-vlan881	7	CSPRD	sta-reposet-el7-key
cspiprdlvsto81	PIPE	pipe-Prd-Restricted-cs-vlan881	7	CSPRD	sta-reposet-el7-key
cspiprdlvsto82.pipe.tsa.dhs.gov	PIPE	pipe-Prd-Restricted-cs-vlan881	7	CSPRD	sta-reposet-el7-key
cspiprdlvsto82	PIPE	pipe-Prd-Restricted-cs-vlan881	7	CSPRD	sta-reposet-el7-key
cspiprdlvuix01.pipe.tsa.dhs.gov	PIPE	pipe-Prd-Semi-cs-vLan181	7	CSPRD	sta-reposet-el7-key
cspiprdlvuix01	PIPE	pipe-Prd-Semi-cs-vLan181	7	CSPRD	sta-reposet-el7-key
cspiprdlvuix02.pipe.tsa.dhs.gov	PIPE	pipe-Prd-Semi-cs-vLan181	7	CSPRD	sta-reposet-el7-key
cspiprdlvuix02	PIPE	pipe-Prd-Semi-cs-vLan181	7	CSPRD	sta-reposet-el7-key
cspitstlvapi01.dev.local	PIPE	pipe-Non-SemiTrusted-cs-vlan281	7	CSNON	sta-reposet-el7-key
cspitstlvapi01.test.pipe.tsa.dhs.gov	PIPE	pipe-Non-SemiTrusted-cs-vlan281	7	CSNON	sta-reposet-el7-key
cspitstlvmqs01.test.pipe.tsa.dhs.gov	PIPE	pipe-Non-SemiTrusted-cs-vlan281	7	CSNON	sta-reposet-el7-key
cspitstlvorc51.test.pipe.tsa.dhs.gov	PIPE	pipe-Non-Trusted-cs-vlan681	7	CSNON	sta-reposet-el7-key
cspitstlvsto81.test.pipe.tsa.dhs.gov	PIPE	pipe-Non-Restricted-cs-vlan981	7	CSNON	sta-reposet-el7-key
cspitstlvuix01.test.pipe.tsa.dhs.gov	PIPE	pipe-Non-SemiTrusted-cs-vlan281	7	CSNON	sta-reposet-el7-key
csssnonlvcrs51.dev.local	INFRA	infra-Non-Trusted-cs-vlan250	7	CSNON	sta-reposet-el7-key
csssnonlvcrs52.dev.local	INFRA	infra-Non-Trusted-cs-vlan250	7	CSNON	sta-reposet-el7-key
csssnonlvcrs61.dev.local	INFRA	infra-Non-Trusted-cs-vlan250	8	CSNON	sta-reposet-el8-key
csssnonlvcrs62.dev.local	INFRA	infra-Non-Trusted-cs-vlan250	8	CSNON	sta-reposet-el8-key
csssnonlvcrs63.dev.local	INFRA	infra-Non-Trusted-cs-vlan250	8	CSNON	sta-reposet-el8-key
csssnonlvess51.dev.local	INFRA	infra-Non-Trusted-cs-vlan250	7	CSNON	sta-reposet-el7-key
csssnonlvgit51.dev.local	INFRA	infra-Non-Trusted-cs-vlan250	7	CSNON	sta-reposet-el7-key
csssnonlvgit52.dev.local	INFRA	infra-Non-Trusted-cs-vlan250	7	CSNON	sta-reposet-el7-key
csssnonlvkey51.dev.local	INFRA	infra-Non-Trusted-cs-vlan250	7	CSNON	sta-reposet-el7-key
csssnonlvkey52.dev.local	INFRA	infra-Non-Trusted-cs-vlan250	7	CSNON	sta-reposet-el7-key
csssnonlvkey53.dev.local	INFRA	infra-Non-Trusted-cs-vlan250	7	CSNON	sta-reposet-el7-key
csssnonlvnfs54.dev.local	INFRA	infra-Non-Trusted-cs-vlan250	7	CSNON	sta-reposet-el7-key
csssprdlvcrs51.cvp.cs	INFRA	infra-Prd-Trusted-cs-vlan264	7	CSPRD	sta-reposet-el7-key
csssprdlvcrs52.cvp.cs	INFRA	infra-Prd-Trusted-cs-vlan264	7	CSPRD	sta-reposet-el7-key
csssprdlvess51.cvp.cs	INFRA	infra-Prd-Trusted-cs-vlan264	7	CSPRD	sta-reposet-el7-key
csssprdlvgit51.cvp.cs	INFRA	infra-Prd-Trusted-cs-vlan264	7	CSPRD	sta-reposet-el7-key
csssprdlvgit52.cvp.cs	INFRA	infra-Prd-Trusted-cs-vlan264	7	CSPRD	sta-reposet-el7-key
csssprdlvglr51.cvp.cs	INFRA	infra-Prd-Trusted-cs-vlan1749	7	CSPRD	sta-reposet-el7-key
csssprdlvhvf51.cvp.cs	INFRA	infra-Prd-Trusted-cs-vlan264	7	CSPRD	sta-reposet-el7-key
csssprdlvkey51.cvp.cs	INFRA	infra-Prd-Trusted-cs-vlan264	7	CSPRD	sta-reposet-el7-key
csssprdlvkey52.cvp.cs	INFRA	infra-Prd-Trusted-cs-vlan264	7	CSPRD	sta-reposet-el7-key
csssprdlvkey53.cvp.cs	INFRA	infra-Prd-Trusted-cs-vlan264	7	CSPRD	sta-reposet-el7-key
csssprdlvnex51.cvp.cs	INFRA	infra-Prd-Trusted-cs-vlan264	7	CSPRD	sta-reposet-el7-key
csssprdlvnex52.cvp.cs	INFRA	infra-Prd-Trusted-cs-vlan264	7	CSPRD	sta-reposet-el7-key
csssprdlvsan52.cvp.cs	INFRA	infra-Prd-Trusted-cs-vlan264	7	CSPRD	sta-reposet-el7-key
csssprdlvslf51.cvp.cs	INFRA	infra-Prd-Trusted-cs-vlan264	7	CSPRD	sta-reposet-el7-key
csssprdlvslf52.cvp.cs	INFRA	infra-Prd-Trusted-cs-vlan264	7	CSPRD	sta-reposet-el7-key
csstlablvbld56.dev.local	INFRA	infra-Non-Trusted-cs-vlan250	7	CSNON	sta-reposet-el7-key
csstlablvbld57.dev.local	INFRA	infra-Non-Trusted-cs-vlan250	8	CSNON	sta-reposet-el8-key
csstlablvbld58.dev.local	INFRA	infra-Non-Trusted-cs-vlan250	8	CSNON	sta-reposet-el8-key
csstmgtlvnms151.management.stamp.tsa.dhs.gov	INFRA		7	CSPRD	sta-reposet-el7-key
csstmgtlvsan151.cvp.cs	INFRA	infra-Prd-Trusted-cs-vlan264	7	CSPRD	sta-reposet-el7-key
csstsrvlv8251.provision.local	INFRA		8	CSPRD	sta-reposet-el8-key
csstsrvlvaap151.services.stamp.tsa.dhs.gov	INFRA	mgt-prd-Trusted-cs-vlan1741	8	CSPRD	sta-reposet-el8-key
csstsrvlvaap151	INFRA	mgt-prd-Trusted-cs-vlan1741	8	CSPRD	sta-reposet-el8-key
csstsrvlvaap152.services.stamp.tsa.dhs.gov	INFRA		8	CSPRD	sta-reposet-el8-key
csstsrvlvaap152	INFRA		8	CSPRD	sta-reposet-el8-key
csstsrvlvcst151.services.stamp.tsa.dhs.gov	INFRA		8	CSPRD	sta-reposet-el8-key
csstsrvlvgrf251.services.ppdstamp.local	INFRA	srv-PPD-Trusted-Grafana-cs-vLan1941	8	CSNON	sta-reposet-el8-key
csstsrvlvjmp151.services.stamp.tsa.dhs.gov	INFRA		8	CSPRD	sta-reposet-el8-key
csstsrvlvjmp151	INFRA		8	CSPRD	sta-reposet-el8-key
csstsrvlvmcn215.services.stamp.tsa.dhs.gov	INFRA		8	CSPRD	sta-reposet-el8-key
csstsrvlvnex251.services.ppdstamp.local	INFRA	nex-infra-ppd-srv-vlan1937	7	CSNON	sta-reposet-el7-key
csstsrvlvocc152.services.stamp.tsa.dhs.gov	PAAS	occ-paas-prd-Trusted-cs-vLan1735	8	CSPRD	sta-reposet-el8-key
csstsrvlvocc252.services.ppdstamp.local	PAAS	occ-paas-ppd-Trusted-cs-vLan1935	8	CSNON	sta-reposet-el8-key
csstsrvlvsso251.services.ppdstamp.local	INFRA		8	CSNON	sta-reposet-el8-key
csstsrvlvsso252.services.ppdstamp.local	INFRA		8	CSNON	sta-reposet-el8-key
csstsrvlvsso253.services.ppdstamp.local	INFRA		8	CSNON	sta-reposet-el8-key
csstsrvlvvlt150.services.stamp.tsa.dhs.gov	INFRA	srv-Prd-Tursted-Vault-cs-vLan1787	8	CSPRD	sta-reposet-el8-key
csstsrvlvvlt150	INFRA	srv-Prd-Tursted-Vault-cs-vLan1787	8	CSPRD	sta-reposet-el8-key
csstsrvlvvlt151.services.stamp.tsa.dhs.gov	INFRA	srv-Prd-Tursted-Vault-cs-vLan1787	8	CSPRD	sta-reposet-el8-key
csstsrvlvvlt152.services.stamp.tsa.dhs.gov	INFRA	srv-Prd-Tursted-Vault-cs-vLan1787	8	CSPRD	sta-reposet-el8-key
csstsrvlvvlt153.services.stamp.tsa.dhs.gov	INFRA	srv-Prd-Tursted-Vault-cs-vLan1787	8	CSPRD	sta-reposet-el8-key
csstsrvlvvlt154.services.stamp.tsa.dhs.gov	INFRA	srv-Prd-Tursted-Vault-cs-vLan1787	8	CSPRD	sta-reposet-el8-key
csstsrvlvvlt155.services.stamp.tsa.dhs.gov	INFRA	srv-Prd-Tursted-Vault-cs-vLan1787	8	CSPRD	sta-reposet-el8-key
csstsrvlvvlt156.services.stamp.tsa.dhs.gov	INFRA	srv-Prd-Tursted-Vault-cs-vLan1787	8	CSPRD	sta-reposet-el8-key
csstsrvlvvlt157.services.stamp.tsa.dhs.gov	INFRA	srv-Prd-Tursted-Vault-cs-vLan1787	8	CSPRD	sta-reposet-el8-key
csstsrvlvvlt158.services.stamp.tsa.dhs.gov	INFRA	srv-Prd-Tursted-Vault-cs-vLan1787	8	CSPRD	sta-reposet-el8-key
csstsrvlvvlt159.services.stamp.tsa.dhs.gov	INFRA	srv-Prd-Tursted-Vault-cs-vLan1787	8	CSPRD	sta-reposet-el8-key
csstsrvlvvlt250.services.ppdstamp.local	INFRA	srv-Ppd-Tursted-Vault-cs-vLan1987	7	CSNON	sta-reposet-el7-key
csstsrvlvvlt251.services.ppdstamp.local	INFRA	srv-Ppd-Tursted-Vault-cs-vLan1987	7	CSNON	sta-reposet-el7-key
csstsrvlvvlt252.services.ppdstamp.local	INFRA	srv-Ppd-Tursted-Vault-cs-vLan1987	7	CSNON	sta-reposet-el7-key
csstsrvlvvlt253.services.ppdstamp.local	INFRA	srv-Ppd-Tursted-Vault-cs-vLan1987	7	CSNON	sta-reposet-el7-key
csstsrvlvvlt254.services.ppdstamp.local	INFRA	srv-Ppd-Tursted-Vault-cs-vLan1987	7	CSNON	sta-reposet-el7-key
csstsrvlvvlt255.services.ppdstamp.local	INFRA	srv-Ppd-Tursted-Vault-cs-vLan1987	7	CSNON	sta-reposet-el7-key
csstsrvlvvlt256.services.ppdstamp.local	INFRA	srv-Ppd-Tursted-Vault-cs-vLan1987	7	CSNON	sta-reposet-el7-key
csstsrvlvvlt257.services.ppdstamp.local	INFRA	srv-Ppd-Tursted-Vault-cs-vLan1987	7	CSNON	sta-reposet-el7-key
csstsrvlvvlt258.services.ppdstamp.local	INFRA	srv-Ppd-Tursted-Vault-cs-vLan1987	7	CSNON	sta-reposet-el7-key
csstsrvlvvlt259.services.ppdstamp.local	INFRA	srv-Ppd-Tursted-Vault-cs-vLan1987	7	CSNON	sta-reposet-el7-key
cstmdevlvbfi51.dev.local	TIM	tim-Non-Trusted-cs-vlan824	7	CSNON	sta-reposet-el7-key
cstmdevlvbfi52.dev.local	TIM	tim-Non-Trusted-cs-vlan824	7	CSNON	sta-reposet-el7-key
cstmdevlvcds51.dev.local	TIM	tim-Non-Trusted-cs-vlan824	7	CSNON	sta-reposet-el7-key
cstmdevlvcds52.dev.local	TIM	tim-Non-Trusted-cs-vlan824	7	CSNON	sta-reposet-el7-key
cstmdevlvcis51.dev.local	TIM	tim-Non-Trusted-cs-vlan824	7	CSNON	sta-reposet-el7-key
cstmdevlvcis52.dev.local	TIM	tim-Non-Trusted-cs-vlan824	7	CSNON	sta-reposet-el7-key
cstmdevlviam51.dev.local	TIM	tim-Non-Trusted-cs-vlan824	7	CSNON	sta-reposet-el7-key
cstmdevlviam52.dev.local	TIM	tim-Non-Trusted-cs-vlan824	7	CSNON	sta-reposet-el7-key
cstmdevlviqs51.dev.local	TIM	tim-Non-Trusted-cs-vlan824	7	CSNON	sta-reposet-el7-key
cstmdevlvlnx51.dev.local	TIM	tim-Non-Trusted-cs-vlan824	7	CSNON	sta-reposet-el7-key
cstmdevlvlnx52.dev.local	TIM	tim-Non-Trusted-cs-vlan824	7	CSNON	sta-reposet-el7-key
cstmdevlvlnx53.dev.local	TIM	tim-Non-Trusted-cs-vlan824	7	CSNON	sta-reposet-el7-key
cstmdevlvlnx54.dev.local	TIM	tim-Non-Trusted-cs-vlan824	7	CSNON	sta-reposet-el7-key
cstmdevlvngs51.dev.local	TIM	tim-Non-Trusted-cs-vlan824	7	CSNON	sta-reposet-el7-key
cstmdevlvngs52.dev.local	TIM	tim-Non-Trusted-cs-vlan824	7	CSNON	sta-reposet-el7-key
cstmdevlvngs53.dev.local	TIM	tim-Non-Trusted-cs-vlan824	7	CSNON	sta-reposet-el7-key
cstmdevlvobi51.dev.local	TIM	tim-Non-Trusted-cs-vlan824	7	CSNON	sta-reposet-el7-key
cstmdevlvobi52.dev.local	TIM	tim-Non-Trusted-cs-vlan824	7	CSNON	sta-reposet-el7-key
cstmdevlvohs01.dmz.local	TIM	tim-Non-SemiTrusted-cs-vLan37	7	CSNON	sta-reposet-el7-key
cstmdevlvohs02.dmz.local	TIM	tim-Non-SemiTrusted-cs-vLan37	7	CSNON	sta-reposet-el7-key
cstmdevlvorc81.dev.local	TIM	tim-Non-Restricted-cs-vLan822	7	CSNON	sta-reposet-el7-key
cstmdevlvorc82.dev.local	TIM	tim-Non-Restricted-cs-vLan822	7	CSNON	sta-reposet-el7-key
cstmdevlvrpo51.dev.local	TIM	tim-Non-Trusted-cs-vlan824	7	CSNON	sta-reposet-el7-key
cstmdevlvsoa51.dev.local	TIM	tim-Non-Trusted-cs-vlan824	7	CSNON	sta-reposet-el7-key
cstmdevlvsoa52.dev.local	TIM	tim-Non-Trusted-cs-vlan824	7	CSNON	sta-reposet-el7-key
cstmdevlvsoa53.dev.local	TIM	tim-Non-Trusted-cs-vlan824	7	CSNON	sta-reposet-el7-key
cstmdevlvsoa54.dev.local	TIM	tim-Non-Trusted-cs-vlan824	7	CSNON	sta-reposet-el7-key
cstmdevlvsoa55.dev.local	TIM	tim-Non-Trusted-cs-vlan824	7	CSNON	sta-reposet-el7-key
cstmdevlvsoa56.dev.local	TIM	tim-Non-Trusted-cs-vlan824	7	CSNON	sta-reposet-el7-key
cstmdevlvsoa57.dev.local	TIM	tim-Non-Trusted-cs-vlan824	7	CSNON	sta-reposet-el7-key
cstmdevlvsoa58.dev.local	TIM	tim-Non-Trusted-cs-vlan824	7	CSNON	sta-reposet-el7-key
cstmdevlvsta51.dev.local	TIM	tim-Non-Trusted-cs-vlan824	7	CSNON	sta-reposet-el7-key
cstmdevlvsta52.dev.local	TIM	tim-Non-Trusted-cs-vlan824	7	CSNON	sta-reposet-el7-key
cstmdevlvsta53.dev.local	TIM	tim-Non-Trusted-cs-vlan824	7	CSNON	sta-reposet-el7-key
cstmdevlvsta54.dev.local	TIM	tim-Non-Trusted-cs-vlan824	7	CSNON	sta-reposet-el7-key
cstmdevlvstg51.dev.local	TIM	tim-Non-Trusted-cs-vlan824	7	CSNON	sta-reposet-el7-key
cstmdevlvstu51.dev.local	TIM	tim-Non-Trusted-cs-vlan824	7	CSNON	sta-reposet-el7-key
cstmdevlvstu52.dev.local	TIM	tim-Non-Trusted-cs-vlan824	7	CSNON	sta-reposet-el7-key
cstmdevlvucm51.dev.local	TIM	tim-Non-Trusted-cs-vlan824	7	CSNON	sta-reposet-el7-key
cstmditlvbsp51.dev.local	TIM		8	CSNON	sta-reposet-el8-key
cstmditlviam51.dev.local	TIM	tim-Non-Trusted-cs-Dit-Sit-vLan828	7	CSNON	sta-reposet-el7-key
cstmditlviam52.dev.local	TIM	tim-Non-Trusted-cs-Dit-Sit-vLan828	7	CSNON	sta-reposet-el7-key
cstmditlviam53.dev.local	TIM	tim-Non-Trusted-cs-Dit-Sit-vLan828	8	CSNON	sta-reposet-el8-key
cstmditlviam54.dev.local	TIM	tim-Non-Trusted-cs-Dit-Sit-vLan828	8	CSNON	sta-reposet-el8-key
cstmditlvlnx51.dev.local	TIM	tim-Non-Trusted-cs-Dit-Sit-vLan828	7	CSNON	sta-reposet-el7-key
cstmditlvlnx52.dev.local	TIM	tim-Non-Trusted-cs-Dit-Sit-vLan828	7	CSNON	sta-reposet-el7-key
cstmditlvlnx53.dev.local	TIM	tim-Non-Trusted-cs-Dit-Sit-vLan828	7	CSNON	sta-reposet-el7-key
cstmditlvlnx54.dev.local	TIM	tim-Non-Trusted-cs-Dit-Sit-vLan828	7	CSNON	sta-reposet-el7-key
cstmditlvobi51.dev.local	TIM	tim-Non-Trusted-cs-Dit-Sit-vLan828	7	CSNON	sta-reposet-el7-key
cstmditlvobi52.dev.local	TIM	tim-Non-Trusted-cs-Dit-Sit-vLan828	7	CSNON	sta-reposet-el7-key
cstmditlvohs01.dmz.local	TIM	tim-Non-SemiTrusted-cs-Dit-Sit-vLan838	7	CSNON	sta-reposet-el7-key
cstmditlvohs02.dmz.local	TIM	tim-Non-SemiTrusted-cs-Dit-Sit-vLan838	7	CSNON	sta-reposet-el7-key
cstmditlvorc82.dev.local	TIM	tim-Non-Restricted-cs-DIT-SIT-vLan826	7	CSNON	sta-reposet-el7-key
cstmditlvorc83.dev.local	TIM	tim-Non-Restricted-cs-DIT-SIT-vLan826	7	CSNON	sta-reposet-el7-key
cstmditlvorc84.dev.local	TIM	tim-Non-Restricted-cs-DIT-SIT-vLan826	8	CSNON	sta-reposet-el8-key
cstmditlvorc85.dev.local	TIM	tim-Non-Restricted-cs-DIT-SIT-vLan826	8	CSNON	sta-reposet-el8-key
cstmditlvosb51.dev.local	TIM	tim-Non-Trusted-cs-Dit-Sit-vLan828	7	CSNON	sta-reposet-el7-key
cstmditlvosb52.dev.local	TIM	tim-Non-Trusted-cs-Dit-Sit-vLan828	7	CSNON	sta-reposet-el7-key
cstmditlvosb53.dev.local	TIM	tim-Non-Trusted-cs-Dit-Sit-vLan828	7	CSNON	sta-reposet-el7-key
cstmditlvosb54.dev.local	TIM	tim-Non-Trusted-cs-Dit-Sit-vLan828	7	CSNON	sta-reposet-el7-key
cstmditlvosb55.dev.local	TIM	tim-Non-Trusted-cs-Dit-Sit-vLan828	8	CSNON	sta-reposet-el8-key
cstmditlvsoa51.dev.local	TIM	tim-Non-Trusted-cs-Dit-Sit-vLan828	7	CSNON	sta-reposet-el7-key
cstmditlvsoa52.dev.local	TIM	tim-Non-Trusted-cs-Dit-Sit-vLan828	7	CSNON	sta-reposet-el7-key
cstmditlvsoa53.dev.local	TIM	tim-Non-Trusted-cs-Dit-Sit-vLan828	7	CSNON	sta-reposet-el7-key
cstmditlvsoa54.dev.local	TIM	tim-Non-Trusted-cs-Dit-Sit-vLan828	7	CSNON	sta-reposet-el7-key
cstmditlvsoa55.dev.local	TIM	tim-Non-Trusted-cs-Dit-Sit-vLan828	8	CSNON	sta-reposet-el8-key
cstmditlvucm51.dev.local	TIM	tim-Non-Trusted-cs-Dit-Sit-vLan828	7	CSNON	sta-reposet-el7-key
cstmditlvucm52.dev.local	TIM	tim-Non-Trusted-cs-Dit-Sit-vLan828	7	CSNON	sta-reposet-el7-key
cstmprdlviam51.cvp.cs	TIM	tim-Prd-Trusted-cs-vlan24	7	CSPRD	sta-reposet-el7-key
cstmprdlviam52.cvp.cs	TIM	tim-Prd-Trusted-cs-vlan24	7	CSPRD	sta-reposet-el7-key
cstmprdlvngs51.cvp.cs	TIM	tim-Prd-Trusted-cs-vlan24	7	CSPRD	sta-reposet-el7-key
cstmprdlvngs52.cvp.cs	TIM	tim-Prd-Trusted-cs-vlan24	7	CSPRD	sta-reposet-el7-key
cstmprdlvngs53.cvp.cs	TIM	tim-Prd-Trusted-cs-vlan24	7	CSPRD	sta-reposet-el7-key
cstmprdlvngs54.cvp.cs	TIM	tim-Prd-Trusted-cs-vlan24	7	CSPRD	sta-reposet-el7-key
cstmprdlvngs55.cvp.cs	TIM	tim-Prd-Trusted-cs-vlan24	7	CSPRD	sta-reposet-el7-key
cstmprdlvorc83.cvp.cs	TIM	tim-Prd-Restricted-cs-vlan122	7	CSPRD	sta-reposet-el7-key
cstmprdlvorc84.cvp.cs	TIM	tim-Prd-Restricted-cs-vlan122	7	CSPRD	sta-reposet-el7-key
cstmprdlvsoa51.cvp.cs	TIM	tim-Prd-Trusted-cs-vlan24	7	CSPRD	sta-reposet-el7-key
cstmprdlvsoa52.cvp.cs	TIM	tim-Prd-Trusted-cs-vlan24	7	CSPRD	sta-reposet-el7-key
cstmprdlvsoa53.cvp.cs	TIM	tim-Prd-Trusted-cs-vlan24	7	CSPRD	sta-reposet-el7-key
cstmprdlvsoa54.cvp.cs	TIM	tim-Prd-Trusted-cs-vlan24	7	CSPRD	sta-reposet-el7-key
cstmprdlvsta01.dmz.local	TIM	tim-Prd-SemiTrusted-cs-vlan77	7	CSPRD	sta-reposet-el7-key
cstmprdlvsta02.dmz.local	TIM	tim-Prd-SemiTrusted-cs-vlan77	7	CSPRD	sta-reposet-el7-key
cstmprdlvsta51.cvp.cs	TIM	tim-Prd-Trusted-cs-vlan24	7	CSPRD	sta-reposet-el7-key
cstmprdlvsta52.cvp.cs	TIM	tim-Prd-Trusted-cs-vlan24	7	CSPRD	sta-reposet-el7-key
cstmprdlvtmq51.cvp.cs	TIM	tim-Prd-Trusted-cs-vlan24	7	CSPRD	sta-reposet-el7-key
cstmprdlvtmq52.cvp.cs	TIM	tim-Prd-Trusted-cs-vlan24	7	CSPRD	sta-reposet-el7-key
cstmprdlvucm51.cvp.cs	TIM	tim-Prd-Trusted-cs-vlan24	7	CSPRD	sta-reposet-el7-key
cstmprdlvucm52.cvp.cs	TIM	tim-Prd-Trusted-cs-vlan24	7	CSPRD	sta-reposet-el7-key
cstmprdlvweb01.dmz.local	TIM	tim-Prd-SemiTrusted-cs-vlan77	7	CSPRD	sta-reposet-el7-key
cstmprdlvweb02.dmz.local	TIM	tim-Prd-SemiTrusted-cs-vlan77	7	CSPRD	sta-reposet-el7-key
cstmsitlvbfi51.dev.local	TIM	tim-Non-Trusted-cs-Dit-Sit-vLan828	7	CSNON	sta-reposet-el7-key
cstmsitlvngs51.dev.local	TIM	tim-Non-Trusted-cs-Dit-Sit-vLan828	7	CSNON	sta-reposet-el7-key
cstmsitlvngs52.dev.local	TIM	tim-Non-Trusted-cs-Dit-Sit-vLan828	7	CSNON	sta-reposet-el7-key
cstmsitlvngs53.dev.local	TIM	tim-Non-Trusted-cs-Dit-Sit-vLan828	7	CSNON	sta-reposet-el7-key
cstmsitlvngs54.dev.local	TIM	tim-Non-Trusted-cs-Dit-Sit-vLan828	7	CSNON	sta-reposet-el7-key
cstmsitlvngs55.dev.local	TIM	tim-Non-Trusted-cs-Dit-Sit-vLan828	7	CSNON	sta-reposet-el7-key
cstmsitlvobi51.dev.local	TIM	tim-Non-Trusted-cs-Dit-Sit-vLan828	7	CSNON	sta-reposet-el7-key
cstmsitlvobi52.dev.local	TIM	tim-Non-Trusted-cs-Dit-Sit-vLan828	7	CSNON	sta-reposet-el7-key
cstmsitlvohs01.dmz.local	TIM	tim-Non-SemiTrusted-cs-Dit-Sit-vLan838	7	CSNON	sta-reposet-el7-key
cstmsitlvorc81.dev.local	TIM	tim-Non-Restricted-cs-DIT-SIT-vLan826	7	CSNON	sta-reposet-el7-key
cstmsitlvorc82.dev.local	TIM	tim-Non-Restricted-cs-DIT-SIT-vLan826	7	CSNON	sta-reposet-el7-key
cstmsitlvosb51.dev.local	TIM	tim-Non-Trusted-cs-Dit-Sit-vLan828	7	CSNON	sta-reposet-el7-key
cstmsitlvosb52.dev.local	TIM	tim-Non-Trusted-cs-Dit-Sit-vLan828	7	CSNON	sta-reposet-el7-key
cstmsitlvosb53.dev.local	TIM	tim-Non-Trusted-cs-Dit-Sit-vLan828	7	CSNON	sta-reposet-el7-key
cstmsitlvosb54.dev.local	TIM	tim-Non-Trusted-cs-Dit-Sit-vLan828	7	CSNON	sta-reposet-el7-key
cstmsitlvosb55.dev.local	TIM	tim-Non-Trusted-cs-Dit-Sit-vLan828	7	CSNON	sta-reposet-el7-key
cstmsitlvosb56.dev.local	TIM	tim-Non-Trusted-cs-Dit-Sit-vLan828	7	CSNON	sta-reposet-el7-key
cstmsitlvosb57.dev.local	TIM	tim-Non-Trusted-cs-Dit-Sit-vLan828	7	CSNON	sta-reposet-el7-key
cstmsitlvosb58.dev.local	TIM	tim-Non-Trusted-cs-Dit-Sit-vLan828	7	CSNON	sta-reposet-el7-key
cstmsitlvsoa51.dev.local	TIM	tim-Non-Trusted-cs-Dit-Sit-vLan828	7	CSNON	sta-reposet-el7-key
cstmsitlvsoa52.dev.local	TIM	tim-Non-Trusted-cs-Dit-Sit-vLan828	7	CSNON	sta-reposet-el7-key
cstmsitlvsoa53.dev.local	TIM	tim-Non-Trusted-cs-Dit-Sit-vLan828	7	CSNON	sta-reposet-el7-key
cstmsitlvsoa54.dev.local	TIM	tim-Non-Trusted-cs-Dit-Sit-vLan828	7	CSNON	sta-reposet-el7-key
cstmsitlvsoa55.dev.local	TIM	tim-Non-Trusted-cs-Dit-Sit-vLan828	7	CSNON	sta-reposet-el7-key
cstmsitlvsoa56.dev.local	TIM	tim-Non-Trusted-cs-Dit-Sit-vLan828	7	CSNON	sta-reposet-el7-key
cstmsitlvsoa57.dev.local	TIM	tim-Non-Trusted-cs-Dit-Sit-vLan828	7	CSNON	sta-reposet-el7-key
cstmsitlvsoa58.dev.local	TIM	tim-Non-Trusted-cs-Dit-Sit-vLan828	7	CSNON	sta-reposet-el7-key
cstmsitlvsta51.dev.local	TIM	tim-Non-Trusted-cs-Dit-Sit-vLan828	7	CSNON	sta-reposet-el7-key
cstmsitlvsta52.dev.local	TIM	tim-Non-Trusted-cs-Dit-Sit-vLan828	7	CSNON	sta-reposet-el7-key
cstmsitlvsta53.dev.local	TIM	tim-Non-Trusted-cs-Dit-Sit-vLan828	7	CSNON	sta-reposet-el7-key
cstmsitlvsta54.dev.local	TIM	tim-Non-Trusted-cs-Dit-Sit-vLan828	7	CSNON	sta-reposet-el7-key
cstmsitlvucm51.dev.local	TIM	tim-Non-Trusted-cs-Dit-Sit-vLan828	7	CSNON	sta-reposet-el7-key
cstmsitlvucm52.dev.local	TIM	tim-Non-Trusted-cs-Dit-Sit-vLan828	7	CSNON	sta-reposet-el7-key
cstmsitlvucm53.dev.local	TIM	tim-Non-Trusted-cs-Dit-Sit-vLan828	7	CSNON	sta-reposet-el7-key
cstmsitlvucm54.dev.local	TIM	tim-Non-Trusted-cs-Dit-Sit-vLan828	7	CSNON	sta-reposet-el7-key
cstmsitlvxml01.dmz.local	TIM	tim-Non-SemiTrusted-cs-Dit-Sit-vLan838	7	CSNON	sta-reposet-el7-key
cstmsitlvxml02.dmz.local	TIM	tim-Non-SemiTrusted-cs-Dit-Sit-vLan838	7	CSNON	sta-reposet-el7-key
cstmstglviam51.cvp.cs	TIM	tim-Prd-Trusted-cs-vlan24	7	CSPRD	sta-reposet-el7-key
cstmstglviam52.cvp.cs	TIM	tim-Prd-Trusted-cs-vlan24	7	CSPRD	sta-reposet-el7-key
cstmstglvngs51.cvp.cs	TIM	tim-Prd-Trusted-cs-vlan24	7	CSPRD	sta-reposet-el7-key
cstmstglvngs52.cvp.cs	TIM	tim-Prd-Trusted-cs-vlan24	7	CSPRD	sta-reposet-el7-key
cstmstglvngs53.cvp.cs	TIM	tim-Prd-Trusted-cs-vlan24	7	CSPRD	sta-reposet-el7-key
cstmstglvngs54.cvp.cs	TIM	tim-Prd-Trusted-cs-vlan24	7	CSPRD	sta-reposet-el7-key
cstmstglvngs55.cvp.cs	TIM	tim-Prd-Trusted-cs-vlan24	7	CSPRD	sta-reposet-el7-key
cstmstglvorc81.cvp.cs	TIM	tim-Prd-Restricted-cs-vlan122	7	CSPRD	sta-reposet-el7-key
cstmstglvorc82.cvp.cs	TIM	tim-Prd-Restricted-cs-vlan122	7	CSPRD	sta-reposet-el7-key
cstmstglvorc83.cvp.cs	TIM	tim-Prd-Restricted-cs-vlan122	7	CSPRD	sta-reposet-el7-key
cstmstglvorc84.cvp.cs	TIM	tim-Prd-Restricted-cs-vlan122	7	CSPRD	sta-reposet-el7-key
cstmstglvsoa51.cvp.cs	TIM	tim-Prd-Trusted-cs-vlan24	7	CSPRD	sta-reposet-el7-key
cstmstglvsoa52.cvp.cs	TIM	tim-Prd-Trusted-cs-vlan24	7	CSPRD	sta-reposet-el7-key
cstmstglvsoa53.cvp.cs	TIM	tim-Prd-Trusted-cs-vlan24	7	CSPRD	sta-reposet-el7-key
cstmstglvsoa54.cvp.cs	TIM	tim-Prd-Trusted-cs-vlan24	7	CSPRD	sta-reposet-el7-key
cstmstglvsta01.dmz.local	TIM	tim-Prd-Trusted-cs-vlan24	7	CSPRD	sta-reposet-el7-key
cstmstglvsta02.dmz.local	TIM	tim-Prd-Trusted-cs-vlan24	7	CSPRD	sta-reposet-el7-key
cstmstglvsta51.cvp.cs	TIM	tim-Prd-Trusted-cs-vlan24	7	CSPRD	sta-reposet-el7-key
cstmstglvsta52.cvp.cs	TIM	tim-Prd-Trusted-cs-vlan24	7	CSPRD	sta-reposet-el7-key
cstmstglvtmq51.cvp.cs	TIM	tim-Prd-Trusted-cs-vlan24	7	CSPRD	sta-reposet-el7-key
cstmstglvtmq52.cvp.cs	TIM	tim-Prd-Trusted-cs-vlan24	7	CSPRD	sta-reposet-el7-key
cstmstglvucm51.cvp.cs	TIM	tim-Prd-Trusted-cs-vlan24	7	CSPRD	sta-reposet-el7-key
cstmstglvucm52.cvp.cs	TIM	tim-Prd-Trusted-cs-vlan24	7	CSPRD	sta-reposet-el7-key
cstmstglvweb01.dmz.local	TIM	tim-Prd-SemiTrusted-cs-vlan77	7	CSPRD	sta-reposet-el7-key
cstmstglvweb02.dmz.local	TIM	tim-Prd-SemiTrusted-cs-vlan77	7	CSPRD	sta-reposet-el7-key
cstvdevlvasb51.dev.local	VCS	tvs-Non-Trusted-cs-vlan14	7	CSNON	sta-reposet-el7-key
cstvdevlvasb52.dev.local	VCS	tvs-Non-Trusted-cs-vlan14	7	CSNON	sta-reposet-el7-key
cstvdevlvasb53.dev.local	VCS	tvs-Non-Trusted-cs-vlan14	7	CSNON	sta-reposet-el7-key
cstvdevlvdkr51.dev.local	VCS	tvs-Non-Trusted-cs-vlan14	7	CSNON	sta-reposet-el7-key
cstvdevlvdkr52.dev.local	VCS	tvs-Non-Trusted-cs-vlan14	7	CSNON	sta-reposet-el7-key
cstvdevlvdkr53.dev.local	VCS	tvs-Non-Trusted-cs-vlan14	7	CSNON	sta-reposet-el7-key
cstvdevlvdkr54.dev.local	VCS	tvs-Non-Trusted-cs-vlan14	7	CSNON	sta-reposet-el7-key
cstvdevlvdkr55.dev.local	VCS	tvs-Non-Trusted-cs-vlan14	7	CSNON	sta-reposet-el7-key
cstvdevlvdkr56.dev.local	VCS	tvs-Non-Trusted-cs-vlan14	7	CSNON	sta-reposet-el7-key
cstvdevlvdkr57.dev.local	VCS	tvs-Non-Trusted-cs-vlan14	7	CSNON	sta-reposet-el7-key
cstvdevlvglr51.dev.local	VCS	tvs-Non-Trusted-cs-vlan14	7	CSNON	sta-reposet-el7-key
cstvdevlvglw51.dev.local	VCS	tvs-Non-Trusted-cs-vlan14	7	CSNON	sta-reposet-el7-key
cstvdevlvgwn01.dmz.local	VCS	tvs-Non-SemiTrusted-cs-vlan555	7	CSNON	sta-reposet-el7-key
cstvdevlvorn51.dev.local	VCS	tvs-Non-Trusted-cs-vlan14	7	CSNON	sta-reposet-el7-key
cstvdevlvsft51.dev.local	VCS	tvs-Non-Trusted-cs-vlan14	7	CSNON	sta-reposet-el7-key
cstvdevlvvsb81.dev.local	VCS	tvs-Non-Trusted-cs-vlan14	7	CSNON	sta-reposet-el7-key
cstvdevlvvsb82.dev.local	VCS	tvs-Non-Restricted-cs-vlan414	7	CSNON	sta-reposet-el7-key
cstvdevlvvsb83.dev.local	VCS	tvs-Non-Restricted-cs-vlan414	7	CSNON	sta-reposet-el7-key
cstvdtslvorn51.dtd.tst.local	VCS	tvs-DTD-Trusted-cs-vlan46	7	CSNON	sta-reposet-el7-key
cstvmitlpapp51.dev.local	MITRE	mit-Non-Trusted-cs-vlan611	7	CSNON	sta-reposet-el7-key
cstvmitlpapp52	MITRE	mit-Non-Trusted-cs-vlan611	7	CSNON	sta-reposet-el7-key
cstvmitlpapp53.dev.local	MITRE	mit-Non-Trusted-cs-vlan611	8	CSNON	sta-reposet-el8-key
cstvmitlpapp54	MITRE	mit-Non-Trusted-cs-vlan611	7	CSNON	sta-reposet-el7-key
cstvmitlpapp55	MITRE	mit-Non-Trusted-cs-vlan611	7	CSNON	sta-reposet-el7-key
cstvmitlpapp56	MITRE	mit-Non-Trusted-cs-vlan611	7	CSNON	sta-reposet-el7-key
cstvprdlvftp01.dmz.local	VCS	tvs-Prd-SemiTrusted-cs-vlan75	7	CSPRD	sta-reposet-el7-key
cstvprdlvftp02.dmz.local	VCS	tvs-Prd-SemiTrusted-cs-vlan75	7	CSPRD	sta-reposet-el7-key
cstvprdlvorn51.cvp.cs	VCS	tvs-Prd-Trusted-cs-vlan4	7	CSPRD	sta-reposet-el7-key
cstvstglvorn51.cvp.cs	VCS	tvs-Prd-Trusted-cs-vlan4	7	CSPRD	sta-reposet-el7-key
cstvstslvorn51.std.tst.local	VCS		7	CSNON	sta-reposet-el7-key
cstvtsglvorn51.std.tst.local	VCS		7	CSNON	sta-reposet-el7-key
cstvutslvorn51.dtd.tst.local	VCS	tvs-DTD-Trusted-cs-vlan46	7	CSNON	sta-reposet-el7-key
d1ssnonlvcrs51.dev.local	INFRA	infra-Non-Trusted-cs-vlan250	7	CSNON	sta-reposet-el7-key
d1ssnonlvcrs52.dev.local	INFRA	infra-Non-Trusted-cs-vlan250	7	CSNON	sta-reposet-el7-key
d1ssprdlvcrs51.cvp.cs	INFRA	infra-Prd-Trusted-aj-vlan267	7	AJPRD	sta-reposet-el7-key
d1ssprdlvcrs52.cvp.cs	INFRA	infra-Prd-Trusted-aj-vlan267	7	AJPRD	sta-reposet-el7-key
d1ssprdlvslf51.cvp.cs	INFRA	infra-Prd-Trusted-d1-vLan270	7	AJPRD	sta-reposet-el7-key
